{
    "x": [
        1,
        2,
        3,
        4,
        5,
        6,
        7,
        8,
        9,
        10,
        11,
        12,
        13,
        14,
        15,
        16,
        17,
        18,
        19,
        20
    ],
    "y": [
        28200.31632471616,
        27554.511784069608,
        26932.695512762515,
        26359.193074276358,
        25843.453570190843,
        25417.722702066305,
        25135.191710754512,
        24855.7517118219,
        24711.146288789107,
        24579.640994727433,
        24496.374645256015,
        24418.887363678507,
        24347.010162777202,
        24280.10075568529,
        24218.952922232806,
        24168.300344100528,
        24120.36524648244,
        24073.455675052883,
        24029.51516890297,
        23992.029915113813
    ]
}