{
    "x": [
        1,
        2,
        3,
        4,
        5,
        6,
        7,
        8,
        9,
        10,
        11,
        12,
        13,
        14,
        15,
        16,
        17,
        18,
        19,
        20
    ],
    "y": [
        28200.31632471616,
        27554.511784069608,
        26932.695512762515,
        26359.193074279912,
        25843.45357019048,
        25417.72270206868,
        25138.28270313607,
        24863.399952227348,
        24600.442145252364,
        24359.619851376803,
        24186.97044573129,
        24040.73022377382,
        23894.96113834598,
        23749.494560971598,
        23609.897090952654,
        23477.01717048118,
        23345.56307869976,
        23215.945743488577,
        23088.129432357615,
        22966.549245585207
    ]
}