{
    "x": [
        1,
        2,
        3,
        4,
        5,
        6,
        7,
        8
    ],
    "y": [
        29412.195201713195,
        29206.2004242487,
        29016.9826135187,
        28906.364916186216,
        28797.849465308303,
        28704.37461640451,
        28612.348675604386,
        28586.568220535064
    ]
}