{
    "x": [
        1,
        2,
        4,
        8,
        16
    ],
    "y": [
        0.0992758,
        0.0992758,
        0.0992758,
        0.0992758,
        0.0992758
    ]
}