{
    "x": [
        1,
        2,
        3,
        4,
        5,
        6,
        7,
        8
    ],
    "y": [
        9427.412203419412,
        9288.474750996666,
        9150.377014505822,
        9013.900113323969,
        8904.591689158817,
        8823.80317350244,
        8792.470368239075,
        8792.470368239075
    ]
}