{
    "x": [
        1,
        2,
        4,
        8,
        16
    ],
    "y": [
        24.023471895799997,
        28.879983818199996,
        27.311669312599996,
        27.3393533402,
        27.457983226200003
    ]
}