{
    "x": [
        1,
        2,
        3,
        4,
        5,
        6,
        7,
        8,
        9,
        10,
        11,
        12,
        13,
        14,
        15,
        16,
        17,
        18,
        19,
        20
    ],
    "y": [
        20707.17832708695,
        20608.952665465353,
        20511.346736220305,
        20414.01193120321,
        20317.17046535892,
        20221.253163857567,
        20126.073028319253,
        20032.39174162563,
        19939.382361408807,
        19847.75016703401,
        19843.783785538613,
        19840.014627962522,
        19836.3551329478,
        19832.728960961693,
        19829.164763655754,
        19825.64722689781,
        19822.15009306397,
        19818.68633105118,
        19815.247008657752,
        19811.83530715568
    ]
}