{
    "x": [
        1,
        2,
        3,
        4,
        5,
        6,
        7,
        8,
        9,
        10,
        11,
        12,
        13,
        14,
        15,
        16,
        17,
        18,
        19,
        20,
        21,
        22,
        23,
        24,
        25,
        26,
        27,
        28,
        29,
        30,
        31,
        32,
        33,
        34,
        35,
        36,
        37,
        38,
        39,
        40,
        41,
        42,
        43,
        44,
        45,
        46,
        47,
        48,
        49,
        50,
        51,
        52,
        53,
        54,
        55,
        56,
        57,
        58,
        59,
        60,
        61,
        62,
        63,
        64,
        65,
        66,
        67,
        68,
        69,
        70,
        71,
        72,
        73,
        74,
        75,
        76,
        77,
        78,
        79,
        80,
        81,
        82,
        83,
        84,
        85,
        86,
        87,
        88,
        89,
        90,
        91,
        92,
        93,
        94,
        95,
        96,
        97,
        98,
        99,
        100
    ],
    "y": [
        55787.65410895467,
        55761.87060114966,
        55736.59929140888,
        55712.051135307396,
        55688.15685635271,
        55664.76034276634,
        55641.74191727016,
        55619.3810826702,
        55597.95119887133,
        55577.36639085961,
        55565.30533859308,
        55554.144368091365,
        55543.352924590836,
        55532.886706717756,
        55522.597880272406,
        55512.41361727251,
        55502.38964874039,
        55492.68406422097,
        55483.088227823595,
        55473.55386663991,
        55464.06321895103,
        55454.6408663278,
        55445.30143928534,
        55436.01574753002,
        55426.80621955125,
        55417.73002082963,
        55408.68728543932,
        55399.66596149864,
        55390.699915558835,
        55381.75294640827,
        55372.87285590605,
        55364.0244793208,
        55355.2605363039,
        55346.524867830405,
        55337.83079964972,
        55329.15892962543,
        55320.54871082066,
        55311.98620719513,
        55303.466151089524,
        55294.964624718225,
        55286.49488543599,
        55278.07063827889,
        55269.689317966,
        55261.336364231174,
        55253.04392938985,
        55244.76236928699,
        55236.493206958185,
        55228.26614435016,
        55220.067906032455,
        55211.91222248746,
        55203.77108335076,
        55195.64558885094,
        55187.532790823934,
        55179.44845749314,
        55171.385826463906,
        55163.34471226088,
        55155.34031754002,
        55147.37698296475,
        55139.443844242174,
        55131.53634985092,
        55123.66043469638,
        55115.79568276546,
        55107.958631446025,
        55100.14689274412,
        55092.40225874217,
        55084.691544831134,
        55077.016355847496,
        55069.36451942598,
        55061.74394012252,
        55054.15371012768,
        55046.58553160358,
        55039.03337790274,
        55031.52782427964,
        55024.03161614216,
        55016.568853151555,
        55009.132993681604,
        55001.70847702406,
        54994.3078410517,
        54986.93046361912,
        54979.560581013255,
        54972.21054213135,
        54964.88135552905,
        54957.57400814387,
        54950.32190372966,
        54943.08281632423,
        54935.86179944044,
        54928.66287872754,
        54921.48028208612,
        54914.320934320356,
        54907.18700432296,
        54900.08436078039,
        54893.00882135554,
        54885.94317999364,
        54878.88950151872,
        54871.85896193355,
        54864.83537025022,
        54857.823229759444,
        54850.83410493878,
        54843.85694840467,
        54836.9097559351
    ]
}