{
    "x": [
        1,
        2,
        3,
        4,
        5,
        6,
        7
    ],
    "y": [
        55798.21426324038,
        55788.08852518975,
        55782.08031031948,
        55777.61860569256,
        55775.51773894734,
        55774.61085528459,
        55774.144887396156
    ]
}