{
    "x": [
        1,
        2,
        3,
        4,
        5,
        6,
        7,
        8,
        9,
        10,
        11,
        12,
        13,
        14,
        15,
        16,
        17,
        18,
        19,
        20
    ],
    "y": [
        9427.309954153474,
        9287.716110550327,
        9148.95487792373,
        9010.965706994053,
        8873.386567814669,
        8736.635758754077,
        8600.173552222604,
        8464.092275757197,
        8329.736332135106,
        8196.378845509182,
        8194.849807841925,
        8193.353112747045,
        8191.87480314098,
        8190.411980457869,
        8188.979493016481,
        8187.567606752986,
        8186.1866986950645,
        8184.817260174475,
        8183.459532199236,
        8182.112883402279
    ]
}