{
    "x": [
        1,
        2
    ],
    "y": [
        20770.81758926009,
        20761.725114289955
    ]
}