{
    "x": [
        1,
        2,
        4,
        8,
        16
    ],
    "y": [
        4.650399999999999,
        4.6088000000000005,
        4.5912,
        4.5752,
        4.652800000000001
    ]
}