{
    "x": [
        1,
        2,
        4,
        8,
        16
    ],
    "y": [
        6.3265913478,
        7.145549212600001,
        7.492976749799999,
        7.3187878754,
        7.4538097792
    ]
}