{
    "x": [
        1,
        2,
        3,
        4,
        5
    ],
    "y": [
        37994.20680442322,
        37983.60236414771,
        37981.002004824586,
        37979.745926360534,
        37979.19288238507
    ]
}