{
    "x": [
        1,
        2,
        4,
        8,
        16
    ],
    "y": [
        192.548,
        192.61919999999998,
        219.5776,
        246.1328,
        289.81039999999996
    ]
}