{
    "x": [
        1,
        2,
        4,
        8,
        16
    ],
    "y": [
        9.1612141,
        9.505266652,
        9.689110181999999,
        9.734745157999999,
        9.168444054000002
    ]
}