{
    "x": [
        1,
        2,
        3,
        4,
        5,
        6,
        7,
        8,
        9,
        10,
        11,
        12,
        13,
        14,
        15,
        16,
        17,
        18,
        19,
        20,
        21,
        22,
        23,
        24,
        25,
        26,
        27,
        28,
        29,
        30,
        31,
        32,
        33,
        34,
        35,
        36,
        37,
        38,
        39,
        40,
        41,
        42,
        43,
        44,
        45,
        46,
        47,
        48,
        49,
        50,
        51,
        52,
        53,
        54,
        55,
        56,
        57,
        58,
        59,
        60,
        61,
        62,
        63,
        64,
        65,
        66,
        67,
        68,
        69,
        70,
        71,
        72,
        73,
        74,
        75,
        76,
        77,
        78,
        79,
        80,
        81,
        82,
        83,
        84,
        85,
        86,
        87,
        88,
        89,
        90,
        91,
        92,
        93,
        94,
        95,
        96,
        97,
        98,
        99,
        100
    ],
    "y": [
        20707.17832708695,
        20608.952665465353,
        20511.346736220305,
        20414.01193120321,
        20317.17046535892,
        20221.253163857567,
        20126.073028319253,
        20032.39174162563,
        19939.382361408807,
        19847.75016703401,
        19843.783785538613,
        19840.014627962522,
        19836.3551329478,
        19832.728960961693,
        19829.164763655754,
        19825.64722689781,
        19822.15009306397,
        19818.68633105118,
        19815.247008657752,
        19811.83530715568,
        19808.46094674507,
        19805.12715594595,
        19801.818938019707,
        19798.537429038777,
        19795.2850358794,
        19792.051035902823,
        19788.832332943362,
        19785.64084743567,
        19782.475272229265,
        19779.328750029996,
        19776.184511352672,
        19773.056472715252,
        19769.942088786436,
        19766.843102143834,
        19763.760700522467,
        19760.692532863304,
        19757.641990018932,
        19754.611033976886,
        19751.609139350257,
        19748.62068508218,
        19745.644936276043,
        19742.685780772234,
        19739.73220338971,
        19736.790922118136,
        19733.860686970398,
        19730.939232940284,
        19728.035116612657,
        19725.139515198163,
        19722.252996661377,
        19719.37276973357,
        19716.501394393483,
        19713.638462457344,
        19710.783779133788,
        19707.93332308754,
        19705.08908885668,
        19702.255349687177,
        19699.43122490891,
        19696.618111468262,
        19693.81164930042,
        19691.012069272645,
        19688.22690818777,
        19685.45406885361,
        19682.69807904307,
        19679.94638969872,
        19677.204305897983,
        19674.472484316837,
        19671.749800957037,
        19669.037219618996,
        19666.340497370067,
        19663.660904103504,
        19660.99382039547,
        19658.332838911097,
        19655.680959455534,
        19653.03972073159,
        19650.40586312092,
        19647.78376616698,
        19645.17743348295,
        19642.58587859012,
        19640.012550156935,
        19637.448204885703,
        19634.885066898154,
        19632.32827541777,
        19629.78094323107,
        19627.239290734702,
        19624.708482690847,
        19622.17890853655,
        19619.654667393806,
        19617.137394521527,
        19614.628390131616,
        19612.1264830133,
        19609.637494422157,
        19607.158677201463,
        19604.686321795,
        19602.219836921737,
        19599.760953993224,
        19597.30841505523,
        19594.86814694123,
        19592.436232608023,
        19590.01498550941,
        19587.604028830807
    ]
}