{
    "x": [
        1,
        2,
        4,
        8,
        16
    ],
    "y": [
        2.6724064,
        2.6973841999999997,
        2.6848382695999997,
        2.6788585526,
        2.608327935
    ]
}