{
    "x": [
        1,
        2,
        3,
        4,
        5,
        6,
        7,
        8,
        9,
        10,
        11,
        12,
        13,
        14,
        15,
        16,
        17,
        18,
        19,
        20,
        21,
        22,
        23,
        24,
        25,
        26,
        27,
        28,
        29,
        30,
        31,
        32,
        33,
        34,
        35,
        36,
        37,
        38,
        39,
        40,
        41,
        42,
        43,
        44,
        45,
        46,
        47,
        48,
        49,
        50,
        51,
        52,
        53,
        54,
        55,
        56,
        57,
        58,
        59,
        60,
        61,
        62,
        63,
        64,
        65,
        66,
        67,
        68,
        69,
        70,
        71,
        72,
        73,
        74,
        75,
        76,
        77,
        78,
        79,
        80,
        81,
        82,
        83,
        84,
        85,
        86,
        87,
        88,
        89,
        90,
        91,
        92,
        93,
        94,
        95,
        96,
        97,
        98,
        99,
        100
    ],
    "y": [
        37965.88916240025,
        37910.98484866625,
        37856.56981374843,
        37802.63083992931,
        37749.79010847528,
        37697.2747881266,
        37645.51240697771,
        37594.55003354397,
        37544.36693377483,
        37496.83227925432,
        37489.31625652737,
        37482.19852189792,
        37475.18515637481,
        37468.33743473463,
        37461.576639149105,
        37454.92859463738,
        37448.32532966956,
        37441.758296517226,
        37435.23916109751,
        37428.849706856556,
        37422.500028792696,
        37416.210796305786,
        37409.95873646991,
        37403.73338936807,
        37397.52609674643,
        37391.372672283745,
        37385.269697219526,
        37379.20648412454,
        37373.19728981565,
        37367.24629969569,
        37361.31391707117,
        37355.405001708416,
        37349.5243242525,
        37343.66588946067,
        37337.832444911284,
        37332.012235378745,
        37326.201663121945,
        37320.4294820343,
        37314.683761414744,
        37308.953649578536,
        37303.243986375885,
        37297.556970092766,
        37291.903206504954,
        37286.26720386303,
        37280.64987257407,
        37275.045353800415,
        37269.45879848189,
        37263.903617821794,
        37258.368124555804,
        37252.84810914213,
        37247.345797346046,
        37241.85919646057,
        37236.38891675454,
        37230.952564464606,
        37225.54466861851,
        37220.161448465864,
        37214.78797710159,
        37209.427186401794,
        37204.077699194255,
        37198.73661338197,
        37193.413350941824,
        37188.1032067925,
        37182.806436606785,
        37177.526909676744,
        37172.26293960291,
        37167.02162188852,
        37161.80622338249,
        37156.60149273493,
        37151.42468515938,
        37146.264910965154,
        37141.12192217993,
        37135.9915794587,
        37130.876371622944,
        37125.775987232264,
        37120.68607202154,
        37115.611956211855,
        37110.55214666601,
        37105.52766097833,
        37100.50806769014,
        37095.509776018254,
        37090.518424750626,
        37085.54343936975,
        37080.579990519094,
        37075.6299849142,
        37070.70500870389,
        37065.80811955539,
        37060.93876270894,
        37056.078344489004,
        37051.22673566393,
        37046.3979314287,
        37041.57552004235,
        37036.76541607718,
        37031.970551365644,
        37027.186044739035,
        37022.42117308946,
        37017.681250046626,
        37012.946810557085,
        37008.22681190225,
        37003.51692027048,
        36998.820476636654
    ]
}