{
    "x": [
        1,
        2,
        4,
        8,
        16
    ],
    "y": [
        0.41492514610290526,
        0.404455280303955,
        0.8714464664459246,
        1.377181816101074,
        2.5524329662323018
    ]
}