{
    "x": [
        1,
        2,
        4,
        8,
        16
    ],
    "y": [
        0.0021585999999999997,
        0.0021585999999999997,
        0.0021585999999999997,
        0.0021585999999999997,
        0.0021585999999999997
    ]
}