{
    "x": [
        1,
        2,
        3,
        4,
        5,
        6,
        7,
        8,
        9,
        10,
        11,
        12,
        13,
        14
    ],
    "y": [
        4291.148507318908,
        4119.447904593137,
        3948.312574957341,
        3777.7504722008694,
        3607.5451031657662,
        3437.7725219375234,
        3268.3766977085097,
        3099.2815917043895,
        2930.668834300096,
        2763.2513358240853,
        2763.2513358240853,
        2763.2513358240853,
        2763.2513358240853,
        2763.2513358240853
    ]
}