{
    "x": [
        1,
        2,
        4,
        8,
        16
    ],
    "y": [
        26.988799999999998,
        26.952800000000003,
        26.8832,
        26.9056,
        26.7592
    ]
}