{
    "x": [
	0,
        1,
        2,
        3,
        4,
        5,
        6,
        7,
        8,
        9,
        10,
        11,
        12,
        13,
        14,
        15,
        16,
        17,
        18,
        19,
        20,
        21,
        22,
        23,
        24,
        25,
        26,
        27,
        28,
        29,
        30,
        31,
        32,
        33,
        34,
        35,
        36,
        37,
        38,
        39,
        40,
        41,
        42,
        43,
        44,
        45,
        46,
        47,
        48,
        49,
        50,
        51,
        52,
        53,
        54,
        55,
        56,
        57,
        58,
        59,
        60,
        61,
        62,
        63,
        64,
        65,
        66,
        67,
        68,
        69,
        70,
        71,
        72,
        73,
        74,
        75,
        76,
        77,
        78,
        79,
        80,
        81,
        82,
        83,
        84,
        85,
        86,
        87,
        88,
        89,
        90,
        91,
        92,
        93,
        94,
        95,
        96,
        97,
        98,
        99,
        100
    ],
    "y": [
	4463.152,
        4291.148507318908,
        4119.447904593137,
        3948.312574957349,
        3777.750472200877,
        3607.545103165786,
        3437.7725219375425,
        3268.37669770612,
        3099.2815917020007,
        2930.6688342977063,
        2763.2513358761425,
        2762.772614146578,
        2762.3265795237303,
        2761.8867562718633,
        2761.4574944409383,
        2761.0328801367577,
        2760.6132590421776,
        2760.19793273113,
        2759.7874843349864,
        2759.379721569524,
        2758.9766615336785,
        2758.5750300006453,
        2758.176603870293,
        2757.7819297987016,
        2757.3922375072243,
        2757.0054525878204,
        2756.621237229582,
        2756.238518488832,
        2755.8588952094647,
        2755.4813532127123,
        2755.1044854735046,
        2754.7294001352975,
        2754.3556929298447,
        2753.9858420044175,
        2753.619392160024,
        2753.2542635863406,
        2752.890270627226,
        2752.5295585404756,
        2752.169946601233,
        2751.8114350722294,
        2751.4544719036376,
        2751.0995367436485,
        2750.745775475412,
        2750.3924928785855,
        2750.0413021219238,
        2749.6906171991986,
        2749.340330871967,
        2748.9910706772866,
        2748.6433620174353,
        2748.2961387179125,
        2747.9518844198515,
        2747.6087906745715,
        2747.2671087527606,
        2746.926923105034,
        2746.587838479298,
        2746.250081359729,
        2745.912704596227,
        2745.576507131269,
        2745.2417040982104,
        2744.9077694401126,
        2744.574883804436,
        2744.2431656497074,
        2743.912369329314,
        2743.5820639230687,
        2743.253792804078,
        2742.9262188098996,
        2742.5998635743554,
        2742.2754274983954,
        2741.9514541150797,
        2741.6281406645417,
        2741.30642884962,
        2740.985337616592,
        2740.6656517038973,
        2740.3476860696583,
        2740.030889973628,
        2739.7149933657242,
        2739.4010853079953,
        2739.089210439672,
        2738.777954626019,
        2738.467569310914,
        2738.1581037204746,
        2737.849069025564,
        2737.540409282273,
        2737.23244432933,
        2736.925320458424,
        2736.618744141175,
        2736.31270442827,
        2736.008143538728,
        2735.7040638395865,
        2735.4012353702065,
        2735.0987399871824,
        2734.7969313388467,
        2734.495746579826,
        2734.195668841902,
        2733.8961428103094,
        2733.597274935522,
        2733.298669991803,
        2733.0006301039193,
        2732.703187555555,
        2732.4060494859505,
        2732.1095063302932
    ]
}
