{
    "x": [
        1,
        2,
        4,
        8,
        16
    ],
    "y": [
        17.898509587400003,
        17.967892237199997,
        17.8181355382,
        17.909685685,
        17.909407397000003
    ]
}