{
    "x": [
        1,
        2,
        3,
        4,
        5,
        6,
        7,
        8,
        9,
        10,
        11,
        12,
        13,
        14,
        15,
        16,
        17,
        18,
        19,
        20
    ],
    "y": [
        37965.88916240025,
        37910.98484866625,
        37856.56981374843,
        37802.63083992931,
        37749.79010847528,
        37697.2747881266,
        37645.51240697771,
        37594.55003354397,
        37544.36693377483,
        37496.83227925432,
        37489.31625652737,
        37482.19852189792,
        37475.18515637481,
        37468.33743473463,
        37461.576639149105,
        37454.92859463738,
        37448.32532966956,
        37441.758296517226,
        37435.23916109751,
        37428.849706856556
    ]
}