{
    "x": [
        1,
        2,
        3,
        4,
        5,
        6,
        7,
        8,
        9,
        10,
        11,
        12,
        13,
        14,
        15,
        16,
        17,
        18,
        19,
        20
    ],
    "y": [
        55787.65410895467,
        55761.87060114966,
        55736.59929140888,
        55712.051135307396,
        55688.15685635271,
        55664.76034276634,
        55641.74191727016,
        55619.3810826702,
        55597.95119887133,
        55577.36639085961,
        55565.30533859308,
        55554.144368091365,
        55543.352924590836,
        55532.886706717756,
        55522.597880272406,
        55512.41361727251,
        55502.38964874039,
        55492.68406422097,
        55483.088227823595,
        55473.55386663991
    ]
}