{
    "x": [
        1,
        2,
        3,
        4,
        5,
        6,
        7,
        8,
        9,
        10,
        11,
        12,
        13,
        14,
        15,
        16,
        17,
        18,
        19,
        20,
        21,
        22,
        23,
        24,
        25,
        26,
        27,
        28,
        29,
        30,
        31,
        32,
        33,
        34,
        35,
        36,
        37,
        38,
        39,
        40,
        41,
        42,
        43,
        44,
        45,
        46,
        47,
        48,
        49,
        50,
        51,
        52,
        53,
        54,
        55,
        56,
        57,
        58,
        59,
        60,
        61,
        62,
        63,
        64,
        65,
        66,
        67,
        68,
        69,
        70,
        71,
        72,
        73,
        74,
        75,
        76,
        77,
        78,
        79,
        80,
        81,
        82,
        83,
        84,
        85,
        86,
        87,
        88,
        89,
        90,
        91,
        92,
        93,
        94,
        95,
        96,
        97,
        98,
        99,
        100
    ],
    "y": [
        9427.309954153474,
        9287.716110550327,
        9148.95487792373,
        9010.965706994053,
        8873.386567814669,
        8736.635758754077,
        8600.173552222604,
        8464.092275757197,
        8329.736332135106,
        8196.378845509182,
        8194.849807841925,
        8193.353112747045,
        8191.87480314098,
        8190.411980457869,
        8188.979493016481,
        8187.567606752986,
        8186.1866986950645,
        8184.817260174475,
        8183.459532199236,
        8182.112883402279,
        8180.774005715801,
        8179.443858934748,
        8178.132779856316,
        8176.834318836193,
        8175.552550001854,
        8174.2835014370185,
        8173.022486465925,
        8171.769075795845,
        8170.522381388987,
        8169.27960319235,
        8168.038913200498,
        8166.801909817828,
        8165.569385852384,
        8164.345922476023,
        8163.126794586138,
        8161.915484589466,
        8160.719244616286,
        8159.526607944907,
        8158.3391334801945,
        8157.157855371758,
        8155.988014444083,
        8154.821092293188,
        8153.657586037503,
        8152.496717323404,
        8151.3430455195485,
        8150.191026524562,
        8149.04359346918,
        8147.904237100867,
        8146.768245718204,
        8145.637322645169,
        8144.50951198001,
        8143.386264858709,
        8142.274849874739,
        8141.168590598568,
        8140.06657311323,
        8138.970427534572,
        8137.876160456578,
        8136.786621372284,
        8135.700711282263,
        8134.620548226359,
        8133.544640905634,
        8132.470024749082,
        8131.398114065474,
        8130.330219669459,
        8129.264436183759,
        8128.203968882788,
        8127.149298293339,
        8126.097306705899,
        8125.050288189904,
        8124.007827035064,
        8122.967772593058,
        8121.92898621536,
        8120.896649477509,
        8119.869366064246,
        8118.844844688936,
        8117.822961295319,
        8116.804441158609,
        8115.789249264009,
        8114.775944436087,
        8113.767496927578,
        8112.763481007898,
        8111.761809089378,
        8110.765045234196,
        8109.771294954451,
        8108.779323952377,
        8107.789665464274,
        8106.801718619166,
        8105.818407475219,
        8104.838665858231,
        8103.863915140391,
        8102.891269856179,
        8101.922069280135,
        8100.954702091896,
        8099.9889261101225,
        8099.023749405355,
        8098.060724878278,
        8097.099811499164,
        8096.143634807049,
        8095.191188567027,
        8094.240997281272
    ]
}