{
    "x": [
        1,
        2,
        4,
        8,
        16
    ],
    "y": [
        4.6088,
        4.5672,
        4.686400000000001,
        4.5920000000000005,
        4.636
    ]
}