{
    "x": [
        1,
        2,
        4,
        8,
        16
    ],
    "y": [
        2.6852584528000003,
        2.6784925796,
        2.6966749195999995,
        2.7166282242,
        2.6728625399999997
    ]
}