{
    "x": [
        1,
        2,
        4,
        8,
        16
    ],
    "y": [
        0.0,
        0.0,
        0.022487392672817505,
        0.5635852508505191,
        1.0
    ]
}