{
    "x": [
        1,
        2,
        3,
        4,
        5,
        6
    ],
    "y": [
        20791.337873168057,
        20787.276520322543,
        20786.65854217009,
        20786.309595042207,
        20786.20327373623,
        20786.09908950914
    ]
}