{
    "x": [
        1,
        2,
        3,
        4,
        5,
        6,
        7,
        8,
        9,
        10,
        11,
        12,
        13,
        14,
        15,
        16,
        17,
        18,
        19,
        20
    ],
    "y": [
        4291.148507318908,
        4119.447904593137,
        3948.312574957349,
        3777.750472200877,
        3607.545103165786,
        3437.7725219375425,
        3268.37669770612,
        3099.2815917020007,
        2930.6688342977063,
        2763.2513358761425,
        2762.772614146578,
        2762.3265795237303,
        2761.8867562718633,
        2761.4574944409383,
        2761.0328801367577,
        2760.6132590421776,
        2760.19793273113,
        2759.7874843349864,
        2759.379721569524,
        2758.9766615336785
    ]
}