{
    "x": [
        1,
        2,
        4,
        8,
        16
    ],
    "y": [
        0.0,
        0.0,
        0.0013137835593764013,
        0.3022008935453379,
        1.0
    ]
}