{
    "x": [
        1,
        2,
        4,
        8,
        16
    ],
    "y": [
        0.0040565910378312624,
        0.02354604530521028,
        0.050947477797391824,
        0.04927817444703342,
        0.0453757167007107
    ]
}