{
    "x": [
        1,
        2,
        3,
        4,
        5,
        6,
        7,
        8,
        9,
        10
    ],
    "y": [
        59088.6180352675,
        59039.75989306361,
        59010.99435042158,
        58992.11839155763,
        58986.311479226206,
        58985.211155429635,
        58990.57959102186,
        58998.843906310016,
        59011.06272881913,
        59027.05800736461
    ]
}