{
    "x": [
        1,
        2,
        4,
        8,
        16
    ],
    "y": [
        16.465600000000002,
        16.482400000000002,
        16.400799999999997,
        16.4072,
        15.9616
    ]
}