{
    "x": [
        1,
        2,
        4,
        8,
        16
    ],
    "y": [
        0.4232576,
        0.42377760000000003,
        0.4724282689662774,
        0.9969474958108361,
        0.9996923076923077
    ]
}