{
    "x": [
        1,
        2,
        4,
        8,
        16
    ],
    "y": [
        16.3896,
        16.4568,
        16.4712,
        16.386400000000002,
        16.052799999999998
    ]
}