{
    "x": [
        1,
        2,
        4,
        8,
        16
    ],
    "y": [
        0.09715873688317529,
        0.09996708687496422,
        0.21952934247915587,
        0.9454816335394389,
        0.8508650716148727
    ]
}