{
    "x": [
	0,
        1,
        2,
        3,
        4,
        5,
        6,
        7,
        8,
        9,
        10
    ],
    "y": [
	65192.94,
        65181.820215245105,
        65174.69528325845,
        65172.01353515328,
        65169.72558237063,
        65169.365365090256,
        65169.508216938164,
        65170.07346194736,
        65170.86342953198,
        65171.80358559328,
        65173.55292741712
    ]
}
