{
    "x": [
        1,
        2,
        3,
        4,
        5,
        6,
        7,
        8,
        9,
        10
    ],
    "y": [
        58328.474224257385,
        53143.97035835703,
        48059.8548278239,
        43073.27305733172,
        38152.23409368938,
        33339.87324189408,
        28618.93003380749,
        24030.649259418326,
        19591.17097375027,
        15999.402148855112
    ]
}