{
    "x": [
        1,
        2,
        4,
        8,
        16
    ],
    "y": [
        1027.7504000000001,
        1031.2864000000002,
        1086.0024,
        1059.5855999999999,
        1084.3808000000001
    ]
}