{
    "x": [
        1,
        2,
        4,
        8,
        16
    ],
    "y": [
        2324.24242,
        2339.1747800000003,
        2377.2858599999995,
        2359.10632,
        2347.3640399999995
    ]
}