{
    "x": [
        1,
        2,
        3,
        4,
        5,
        6,
        7,
        8,
        9,
        10
    ],
    "y": [
        55981.778412127474,
        54054.036158015755,
        52624.74596954607,
        51798.513984293655,
        51117.92547586616,
        50567.263476359425,
        50218.72643886499,
        50018.40484146094,
        49994.160032534106,
        50089.384138279805
    ]
}