{
    "x": [
        1,
        2,
        4,
        8,
        16
    ],
    "y": [
        0.2805266917829653,
        0.7885189773820641,
        0.9738130683380586,
        1.0,
        1.0
    ]
}