{
    "x": [
        1,
        2,
        4,
        8,
        16
    ],
    "y": [
        355.36041800000004,
        302.324372,
        234.604742,
        116.2427456,
        61.569648599999994
    ]
}