{
    "x": [
        1,
        2,
        4,
        8,
        16
    ],
    "y": [
        0.26281367856963855,
        0.3165260818424539,
        0.5673477707663945,
        0.5872812845693282,
        0.5875935599733917
    ]
}