{
    "x": [
        1,
        2,
        4,
        8,
        16
    ],
    "y": [
        0.21092687405514843,
        0.3129360953634853,
        0.9091289761399061,
        0.9997255736016648,
        0.9998196705842883
    ]
}