{
    "x": [
        1,
        2,
        3,
        4,
        5,
        6,
        7,
        8,
        9,
        10,
        11
    ],
    "y": [
        53611.952555948126,
        50649.29563817817,
        47733.32906295014,
        44845.25880333281,
        41995.905385274535,
        39176.17982593863,
        36412.429544880564,
        33921.0176346508,
        31471.93871125031,
        30280.035170193754,
        29122.03516928318
    ]
}