{
    "x": [
        1,
        2,
        4,
        8,
        16
    ],
    "y": [
        12.169461,
        11.377430319999998,
        9.24416776,
        6.692545819999999,
        4.6260245399999995
    ]
}