{
    "x": [
        1,
        2,
        3,
        4,
        5,
        6,
        7,
        8,
        9,
        10,
        11
    ],
    "y": [
        62903.22371086797,
        57605.769738280374,
        52414.02686398662,
        47279.06585416815,
        42205.223371845714,
        37170.22269280207,
        32196.0914155671,
        27312.733753083914,
        22500.840822682694,
        19894.82642127726,
        17334.174359461063
    ]
}