{
    "x": [
        1,
        2,
        3,
        4,
        5,
        6,
        7
    ],
    "y": [
        56542.61085030737,
        56266.290751151115,
        56173.28510533762,
        56100.08365899553,
        56031.35343576975,
        55976.8590535668,
        55934.763545727474
    ]
}