{
    "x": [
        1,
        2,
        3,
        4,
        5,
        6,
        7,
        8,
        9,
        10
    ],
    "y": [
        63999.10528550225,
        63948.3048554707,
        63914.34103501148,
        63883.21986706329,
        63859.80692399052,
        63839.14727236967,
        63819.580114008604,
        63803.887249328036,
        63789.52572595837,
        63776.277977867285
    ]
}