{
    "x": [
	0,
        1,
        2,
        3,
        4,
        5,
        6,
        7,
        8,
        9,
        10
    ],
    "y": [
	71131.84,
        64811.07441087514,
        58808.45761486269,
        53027.25793475004,
        47367.957759013465,
        42150.219938371265,
        37085.60101011339,
        32097.920043109807,
        27341.87266049215,
        22641.013214243278,
        19536.83776028819
    ]
}
