{
    "x": [
        1,
        2,
        3,
        4,
        5,
        6,
        7,
        8,
        9,
        10,
        11
    ],
    "y": [
        56893.957651164696,
        52599.37746588849,
        48389.746609113434,
        44226.30944192728,
        40118.0277804691,
        36046.130287461405,
        32027.737127496384,
        28075.800927373504,
        24186.53700624001,
        22074.1374190048,
        20006.74011015144
    ]
}